,HR,SBP,DBP,MAP
count,333686,333689,333689,333690
mean,91.3306842,128.8163017,67.00759456,88.85960007
std,16.68125999,22.36245729,11.46069373,13.79532048
min,39.74462501,65.2343125,50,58.34915839
max,184.0310808,198.5390909,185.8821429,187.6097152
