,HR,SBP,DBP,MAP
count,52713,52713,52713,52713
mean,98.37895958,129.8466039,71.39097273,92.15367244
std,16.62737111,20.79169655,10.04724711,12.08849452
min,54.70814219,80.17746667,60.00011111,66.64676034
max,155.7955962,179.994,129.9483333,148.4393053
